insert into colors (id, code)
values (1000, 'black');
insert into colors (id, code)
values (1001, 'white');
insert into colors (id, code)
values (1002, 'yellow');
insert into colors (id, code)
values (1003, 'blue');
insert into colors (id, code)
values (1004, 'red');
insert into colors (id, code)
values (1005, 'purple');
insert into colors (id, code)
values (1006, 'gray');
insert into colors (id, code)
values (1007, 'green');
insert into colors (id, code)
values (1008, 'pink');
insert into colors (id, code)
values (1009, 'gold');
insert into colors (id, code)
values (1010, 'silver');
insert into colors (id, code)
values (1011, 'orange');
insert into colors (id, code)
values (1012, 'brown');
insert into colors (id, code)
values (1013, '256');

insert into phones (id, brand, model, price, discountPercent, displaySizeInches, weightGr, lengthMm, widthMm, heightMm,
                    deviceType, displayResolution, pixelDensity, displayTechnology, backCameraMegapixels,
                    frontCameraMegapixels, internalStorageGb, batteryCapacityMah, talkTimeHours,
                    standByTimeHours, bluetooth, imageUrl, description)
values ('1000', 'ARCHOS', 'ARCHOS 101 G9', 150, 50, 10.1, 482, 276.0, 167.0, 12.6, 'Tablet',
        '1280 x  800', 149, null, null, 1.3, 8.0, null, null, null, '2.1, EDR',
        'manufacturer/ARCHOS/ARCHOS 101 G9.jpg',
        'The ARCHOS 101 G9 is a 10.1'''' tablet, equipped with Google''s open source OS. It offers a multi-core ARM CORTEX A9 processor at 1GHz, 8 or 16GB internal memory, microSD card slot, GPS, Wi-Fi, Bluetooth 2.1, and more.');

insert into phones (id, brand, model, price, discountPercent, displaySizeInches, weightGr, lengthMm, widthMm, heightMm,
                    deviceType, displayResolution, pixelDensity, displayTechnology, backCameraMegapixels,
                    frontCameraMegapixels, internalStorageGb, batteryCapacityMah, talkTimeHours,
                    standByTimeHours, bluetooth, imageUrl, description)
values ('1001', 'ARCHOS', 'ARCHOS 101 1', 150, 50, 10.1, 482, 276.0, 167.0, 12.6, 'Tablet',
        '1280 x  800', 149, null, null, 1.3, 8.0, null, null, null, '2.1, EDR',
        'manufacturer/ARCHOS/ARCHOS 101 G9.jpg',
        'The ARCHOS 101 G9 is a 10.1'''' tablet, equipped with Google''s open source OS. It offers a multi-core ARM CORTEX A9 processor at 1GHz, 8 or 16GB internal memory, microSD card slot, GPS, Wi-Fi, Bluetooth 2.1, and more.');

insert into phones (id, brand, model, price, discountPercent, displaySizeInches, weightGr, lengthMm, widthMm, heightMm,
                    deviceType, displayResolution, pixelDensity, displayTechnology, backCameraMegapixels,
                    frontCameraMegapixels, internalStorageGb, batteryCapacityMah, talkTimeHours,
                    standByTimeHours, bluetooth, imageUrl, description)
values ('1002', 'ARCHOS', 'ARCHOS 101 2', 150, 50, 10.1, 482, 276.0, 167.0, 12.6, 'Tablet',
        '1280 x  800', 149, null, null, 1.3, 8.0, null, null, null, '2.1, EDR',
        'manufacturer/ARCHOS/ARCHOS 101 G9.jpg',
        'The ARCHOS 101 G9 is a 10.1'''' tablet, equipped with Google''s open source OS. It offers a multi-core ARM CORTEX A9 processor at 1GHz, 8 or 16GB internal memory, microSD card slot, GPS, Wi-Fi, Bluetooth 2.1, and more.');
insert into phones (id, brand, model, price, discountPercent, displaySizeInches, weightGr, lengthMm, widthMm, heightMm,
                    deviceType, displayResolution, pixelDensity, displayTechnology, backCameraMegapixels,
                    frontCameraMegapixels, internalStorageGb, batteryCapacityMah, talkTimeHours,
                    standByTimeHours, bluetooth, imageUrl, description)
values ('1003', 'ARCHOS', 'ARCHOS 101 3', 150, 50, 10.1, 482, 276.0, 167.0, 12.6, 'Tablet',
        '1280 x  800', 149, null, null, 1.3, 8.0, null, null, null, '2.1, EDR',
        'manufacturer/ARCHOS/ARCHOS 101 G9.jpg',
        'The ARCHOS 101 G9 is a 10.1'''' tablet, equipped with Google''s open source OS. It offers a multi-core ARM CORTEX A9 processor at 1GHz, 8 or 16GB internal memory, microSD card slot, GPS, Wi-Fi, Bluetooth 2.1, and more.');
insert into phones (id, brand, model, price, discountPercent, displaySizeInches, weightGr, lengthMm, widthMm, heightMm,
                    deviceType, displayResolution, pixelDensity, displayTechnology, backCameraMegapixels,
                    frontCameraMegapixels, internalStorageGb, batteryCapacityMah, talkTimeHours,
                    standByTimeHours, bluetooth, imageUrl, description)
values ('1004', 'ARCHOS', 'ARCHOS 101 4', 150, 50, 10.1, 482, 276.0, 167.0, 12.6, 'Tablet',
        '1280 x  800', 149, null, null, 1.3, 8.0, null, null, null, '2.1, EDR',
        'manufacturer/ARCHOS/ARCHOS 101 G9.jpg',
        'The ARCHOS 101 G9 is a 10.1'''' tablet, equipped with Google''s open source OS. It offers a multi-core ARM CORTEX A9 processor at 1GHz, 8 or 16GB internal memory, microSD card slot, GPS, Wi-Fi, Bluetooth 2.1, and more.');
insert into phones (id, brand, model, price, discountPercent, displaySizeInches, weightGr, lengthMm, widthMm, heightMm,
                    deviceType, displayResolution, pixelDensity, displayTechnology, backCameraMegapixels,
                    frontCameraMegapixels, internalStorageGb, batteryCapacityMah, talkTimeHours,
                    standByTimeHours, bluetooth, imageUrl, description)
values ('1005', 'ARCHOS', 'ARCHOS 101 5', 150, 50, 10.1, 482, 276.0, 167.0, 12.6, 'Tablet',
        '1280 x  800', 149, null, null, 1.3, 8.0, null, null, null, '2.1, EDR',
        'manufacturer/ARCHOS/ARCHOS 101 G9.jpg',
        'The ARCHOS 101 G9 is a 10.1'''' tablet, equipped with Google''s open source OS. It offers a multi-core ARM CORTEX A9 processor at 1GHz, 8 or 16GB internal memory, microSD card slot, GPS, Wi-Fi, Bluetooth 2.1, and more.');
insert into phones (id, brand, model, price, discountPercent, displaySizeInches, weightGr, lengthMm, widthMm, heightMm,
                    deviceType, displayResolution, pixelDensity, displayTechnology, backCameraMegapixels,
                    frontCameraMegapixels, internalStorageGb, batteryCapacityMah, talkTimeHours,
                    standByTimeHours, bluetooth, imageUrl, description)
values ('1006', 'ARCHOS', 'ARCHOS 101 6', 150, 50, 10.1, 482, 276.0, 167.0, 12.6, 'Tablet',
        '1280 x  800', 149, null, null, 1.3, 8.0, null, null, null, '2.1, EDR',
        'manufacturer/ARCHOS/ARCHOS 101 G9.jpg',
        'The ARCHOS 101 G9 is a 10.1'''' tablet, equipped with Google''s open source OS. It offers a multi-core ARM CORTEX A9 processor at 1GHz, 8 or 16GB internal memory, microSD card slot, GPS, Wi-Fi, Bluetooth 2.1, and more.');
insert into phones (id, brand, model, price, discountPercent, displaySizeInches, weightGr, lengthMm, widthMm, heightMm,
                    deviceType, displayResolution, pixelDensity, displayTechnology, backCameraMegapixels,
                    frontCameraMegapixels, internalStorageGb, batteryCapacityMah, talkTimeHours,
                    standByTimeHours, bluetooth, imageUrl, description)
values ('1007', 'ARCHOS', 'ARCHOS 101 7', 150, 50, 10.1, 482, 276.0, 167.0, 12.6, 'Tablet',
        '1280 x  800', 149, null, null, 1.3, 8.0, null, null, null, '2.1, EDR',
        'manufacturer/ARCHOS/ARCHOS 101 G9.jpg',
        'The ARCHOS 101 G9 is a 10.1'''' tablet, equipped with Google''s open source OS. It offers a multi-core ARM CORTEX A9 processor at 1GHz, 8 or 16GB internal memory, microSD card slot, GPS, Wi-Fi, Bluetooth 2.1, and more.');
insert into phones (id, brand, model, price, discountPercent, displaySizeInches, weightGr, lengthMm, widthMm, heightMm,
                    deviceType, displayResolution, pixelDensity, displayTechnology, backCameraMegapixels,
                    frontCameraMegapixels, internalStorageGb, batteryCapacityMah, talkTimeHours,
                    standByTimeHours, bluetooth, imageUrl, description)
values ('1008', 'ARCHOS', 'ARCHOS 101 8', 150, 50, 10.1, 482, 276.0, 167.0, 12.6, 'Tablet',
        '1280 x  800', 149, null, null, 1.3, 8.0, null, null, null, '2.1, EDR',
        'manufacturer/ARCHOS/ARCHOS 101 G9.jpg',
        'The ARCHOS 101 G9 is a 10.1'''' tablet, equipped with Google''s open source OS. It offers a multi-core ARM CORTEX A9 processor at 1GHz, 8 or 16GB internal memory, microSD card slot, GPS, Wi-Fi, Bluetooth 2.1, and more.');
insert into phones (id, brand, model, price, discountPercent, displaySizeInches, weightGr, lengthMm, widthMm, heightMm,
                    deviceType, displayResolution, pixelDensity, displayTechnology, backCameraMegapixels,
                    frontCameraMegapixels, internalStorageGb, batteryCapacityMah, talkTimeHours,
                    standByTimeHours, bluetooth, imageUrl, description)
values ('1009', 'ARCHOS', 'ARCHOS 101 9', 150, 50, 10.1, 482, 276.0, 167.0, 12.6, 'Tablet',
        '1280 x  800', 149, null, null, 1.3, 8.0, null, null, null, '2.1, EDR',
        'manufacturer/ARCHOS/ARCHOS 101 G9.jpg',
        'The ARCHOS 101 G9 is a 10.1'''' tablet, equipped with Google''s open source OS. It offers a multi-core ARM CORTEX A9 processor at 1GHz, 8 or 16GB internal memory, microSD card slot, GPS, Wi-Fi, Bluetooth 2.1, and more.');
insert into phones (id, brand, model, price, discountPercent, displaySizeInches, weightGr, lengthMm, widthMm, heightMm,
                    deviceType, displayResolution, pixelDensity, displayTechnology, backCameraMegapixels,
                    frontCameraMegapixels, internalStorageGb, batteryCapacityMah, talkTimeHours,
                    standByTimeHours, bluetooth, imageUrl, description)
values ('1010', 'ARCHOS', 'ARCHOS 101 10', 150, 50, 10.1, 482, 276.0, 167.0, 12.6, 'Tablet',
        '1280 x  800', 149, null, null, 1.3, 8.0, null, null, null, '2.1, EDR',
        'manufacturer/ARCHOS/ARCHOS 101 G9.jpg',
        'The ARCHOS 101 G9 is a 10.1'''' tablet, equipped with Google''s open source OS. It offers a multi-core ARM CORTEX A9 processor at 1GHz, 8 or 16GB internal memory, microSD card slot, GPS, Wi-Fi, Bluetooth 2.1, and more.');
insert into phones (id, brand, model, price, discountPercent, displaySizeInches, weightGr, lengthMm, widthMm, heightMm,
                    deviceType, displayResolution, pixelDensity, displayTechnology, backCameraMegapixels,
                    frontCameraMegapixels, internalStorageGb, batteryCapacityMah, talkTimeHours,
                    standByTimeHours, bluetooth, imageUrl, description)
values ('1011', 'ARCHOS', 'ARCHOS 101 11', 150, 50, 10.1, 482, 276.0, 167.0, 12.6, 'Tablet',
        '1280 x  800', 149, null, null, 1.3, 8.0, null, null, null, '2.1, EDR',
        'manufacturer/ARCHOS/ARCHOS 101 G9.jpg',
        'The ARCHOS 101 G9 is a 10.1'''' tablet, equipped with Google''s open source OS. It offers a multi-core ARM CORTEX A9 processor at 1GHz, 8 or 16GB internal memory, microSD card slot, GPS, Wi-Fi, Bluetooth 2.1, and more.');
insert into phones (id, brand, model, price, discountPercent, displaySizeInches, weightGr, lengthMm, widthMm, heightMm,
                    deviceType, displayResolution, pixelDensity, displayTechnology, backCameraMegapixels,
                    frontCameraMegapixels, internalStorageGb, batteryCapacityMah, talkTimeHours,
                    standByTimeHours, bluetooth, imageUrl, description)
values ('1012', 'ARCHOS', 'ARCHOS 101 12', 150, 50, 10.1, 482, 276.0, 167.0, 12.6, 'Tablet',
        '1280 x  800', 149, null, null, 1.3, 8.0, null, null, null, '2.1, EDR',
        'manufacturer/ARCHOS/ARCHOS 101 G9.jpg',
        'The ARCHOS 101 G9 is a 10.1'''' tablet, equipped with Google''s open source OS. It offers a multi-core ARM CORTEX A9 processor at 1GHz, 8 or 16GB internal memory, microSD card slot, GPS, Wi-Fi, Bluetooth 2.1, and more.');
insert into phones (id, brand, model, price, discountPercent, displaySizeInches, weightGr, lengthMm, widthMm, heightMm,
                    deviceType, displayResolution, pixelDensity, displayTechnology, backCameraMegapixels,
                    frontCameraMegapixels, internalStorageGb, batteryCapacityMah, talkTimeHours,
                    standByTimeHours, bluetooth, imageUrl, description)
values ('1013', 'ARCHOS', 'ARCHOS 101 13', 150, 50, 10.1, 482, 276.0, 167.0, 12.6, 'Tablet',
        '1280 x  800', 149, null, null, 1.3, 8.0, null, null, null, '2.1, EDR',
        'manufacturer/ARCHOS/ARCHOS 101 G9.jpg',
        'The ARCHOS 101 G9 is a 10.1'''' tablet, equipped with Google''s open source OS. It offers a multi-core ARM CORTEX A9 processor at 1GHz, 8 or 16GB internal memory, microSD card slot, GPS, Wi-Fi, Bluetooth 2.1, and more.');
insert into phones (id, brand, model, price, discountPercent, displaySizeInches, weightGr, lengthMm, widthMm, heightMm,
                    deviceType, displayResolution, pixelDensity, displayTechnology, backCameraMegapixels,
                    frontCameraMegapixels, internalStorageGb, batteryCapacityMah, talkTimeHours,
                    standByTimeHours, bluetooth, imageUrl, description)
values ('1014', 'ARCHOS', 'ARCHOS 101 14', 150, 50, 10.1, 482, 276.0, 167.0, 12.6, 'Tablet',
        '1280 x  800', 149, null, null, 1.3, 8.0, null, null, null, '2.1, EDR',
        'manufacturer/ARCHOS/ARCHOS 101 G9.jpg',
        'The ARCHOS 101 G9 is a 10.1'''' tablet, equipped with Google''s open source OS. It offers a multi-core ARM CORTEX A9 processor at 1GHz, 8 or 16GB internal memory, microSD card slot, GPS, Wi-Fi, Bluetooth 2.1, and more.');
insert into phones (id, brand, model, price, discountPercent, displaySizeInches, weightGr, lengthMm, widthMm, heightMm,
                    deviceType, displayResolution, pixelDensity, displayTechnology, backCameraMegapixels,
                    frontCameraMegapixels, internalStorageGb, batteryCapacityMah, talkTimeHours,
                    standByTimeHours, bluetooth, imageUrl, description)
values ('1015', 'ARCHOS', 'ARCHOS 101 15', 150, 50, 10.1, 482, 276.0, 167.0, 12.6, 'Tablet',
        '1280 x  800', 149, null, null, 1.3, 8.0, null, null, null, '2.1, EDR',
        'manufacturer/ARCHOS/ARCHOS 101 G9.jpg',
        'The ARCHOS 101 G9 is a 10.1'''' tablet, equipped with Google''s open source OS. It offers a multi-core ARM CORTEX A9 processor at 1GHz, 8 or 16GB internal memory, microSD card slot, GPS, Wi-Fi, Bluetooth 2.1, and more.');
insert into phones (id, brand, model, price, discountPercent, displaySizeInches, weightGr, lengthMm, widthMm, heightMm,
                    deviceType, displayResolution, pixelDensity, displayTechnology, backCameraMegapixels,
                    frontCameraMegapixels, internalStorageGb, batteryCapacityMah, talkTimeHours,
                    standByTimeHours, bluetooth, imageUrl, description)
values ('1016', 'ARCHOS', 'ARCHOS 101 16', 150, 50, 10.1, 482, 276.0, 167.0, 12.6, 'Tablet',
        '1280 x  800', 149, null, null, 1.3, 8.0, null, null, null, '2.1, EDR',
        'manufacturer/ARCHOS/ARCHOS 101 G9.jpg',
        'The ARCHOS 101 G9 is a 10.1'''' tablet, equipped with Google''s open source OS. It offers a multi-core ARM CORTEX A9 processor at 1GHz, 8 or 16GB internal memory, microSD card slot, GPS, Wi-Fi, Bluetooth 2.1, and more.');
insert into phones (id, brand, model, price, discountPercent, displaySizeInches, weightGr, lengthMm, widthMm, heightMm,
                    deviceType, displayResolution, pixelDensity, displayTechnology, backCameraMegapixels,
                    frontCameraMegapixels, internalStorageGb, batteryCapacityMah, talkTimeHours,
                    standByTimeHours, bluetooth, imageUrl, description)
values ('1017', 'ARCHOS', 'ARCHOS 101 17', 150, 50, 10.1, 482, 276.0, 167.0, 12.6, 'Tablet',
        '1280 x  800', 149, null, null, 1.3, 8.0, null, null, null, '2.1, EDR',
        'manufacturer/ARCHOS/ARCHOS 101 G9.jpg',
        'The ARCHOS 101 G9 is a 10.1'''' tablet, equipped with Google''s open source OS. It offers a multi-core ARM CORTEX A9 processor at 1GHz, 8 or 16GB internal memory, microSD card slot, GPS, Wi-Fi, Bluetooth 2.1, and more.');
insert into phones (id, brand, model, price, discountPercent, displaySizeInches, weightGr, lengthMm, widthMm, heightMm,
                    deviceType, displayResolution, pixelDensity, displayTechnology, backCameraMegapixels,
                    frontCameraMegapixels, internalStorageGb, batteryCapacityMah, talkTimeHours,
                    standByTimeHours, bluetooth, imageUrl, description)
values ('1018', 'ARCHOS', 'ARCHOS 101 18', 150, 50, 10.1, 482, 276.0, 167.0, 12.6, 'Tablet',
        '1280 x  800', 149, null, null, 1.3, 8.0, null, null, null, '2.1, EDR',
        'manufacturer/ARCHOS/ARCHOS 101 G9.jpg',
        'The ARCHOS 101 G9 is a 10.1'''' tablet, equipped with Google''s open source OS. It offers a multi-core ARM CORTEX A9 processor at 1GHz, 8 or 16GB internal memory, microSD card slot, GPS, Wi-Fi, Bluetooth 2.1, and more.');
insert into phones (id, brand, model, price, discountPercent, displaySizeInches, weightGr, lengthMm, widthMm, heightMm,
                    deviceType, displayResolution, pixelDensity, displayTechnology, backCameraMegapixels,
                    frontCameraMegapixels, internalStorageGb, batteryCapacityMah, talkTimeHours,
                    standByTimeHours, bluetooth, imageUrl, description)
values ('1019', 'ARCHOS', 'ARCHOS 101 19', 150, 50, 10.1, 482, 276.0, 167.0, 12.6, 'Tablet',
        '1280 x  800', 149, null, null, 1.3, 8.0, null, null, null, '2.1, EDR',
        'manufacturer/ARCHOS/ARCHOS 101 G9.jpg',
        'The ARCHOS 101 G9 is a 10.1'''' tablet, equipped with Google''s open source OS. It offers a multi-core ARM CORTEX A9 processor at 1GHz, 8 or 16GB internal memory, microSD card slot, GPS, Wi-Fi, Bluetooth 2.1, and more.');

insert into stocks (phoneId, stock, reserved)
values (1000, 11, 0);
insert into stocks (phoneId, stock, reserved)
values (1001, 12, 1);
insert into stocks (phoneId, stock, reserved)
values (1002, 13, 2);
insert into stocks (phoneId, stock, reserved)
values (1003, 14, 3);
insert into stocks (phoneId, stock, reserved)
values (1004, 15, 4);
insert into stocks (phoneId, stock, reserved)
values (1005, 17, 6);
insert into stocks (phoneId, stock, reserved)
values (1006, 11, 0);
insert into stocks (phoneId, stock, reserved)
values (1007, 12, 1);
insert into stocks (phoneId, stock, reserved)
values (1008, 13, 2);
insert into stocks (phoneId, stock, reserved)
values (1009, 14, 3);
insert into stocks (phoneId, stock, reserved)
values (1010, 15, 4);
insert into stocks (phoneId, stock, reserved)
values (1011, 17, 6);
insert into stocks (phoneId, stock, reserved)
values (1012, 11, 0);
insert into stocks (phoneId, stock, reserved)
values (1013, 12, 1);
insert into stocks (phoneId, stock, reserved)
values (1014, 13, 2);
insert into stocks (phoneId, stock, reserved)
values (1015, 14, 3);
insert into stocks (phoneId, stock, reserved)
values (1016, 15, 4);
insert into stocks (phoneId, stock, reserved)
values (1017, 17, 6);
insert into stocks (phoneId, stock, reserved)
values (1018, 15, 4);
insert into stocks (phoneId, stock, reserved)
values (1019, 17, 6);

insert into phone2color (phoneId, colorId)
values (1000, 1000);
insert into phone2color (phoneId, colorId)
values (1000, 1001);
insert into phone2color (phoneId, colorId)
values (1001, 1000);
insert into phone2color (phoneId, colorId)
values (1001, 1001);
insert into phone2color (phoneId, colorId)
values (1002, 1000);
insert into phone2color (phoneId, colorId)
values (1002, 1001);
insert into phone2color (phoneId, colorId)
values (1003, 1000);
insert into phone2color (phoneId, colorId)
values (1003, 1001);
insert into phone2color (phoneId, colorId)
values (1004, 1000);
insert into phone2color (phoneId, colorId)
values (1004, 1001);
insert into phone2color (phoneId, colorId)
values (1005, 1000);
insert into phone2color (phoneId, colorId)
values (1005, 1001);
insert into phone2color (phoneId, colorId)
values (1006, 1000);
insert into phone2color (phoneId, colorId)
values (1006, 1001);
insert into phone2color (phoneId, colorId)
values (1007, 1000);
insert into phone2color (phoneId, colorId)
values (1008, 1001);
insert into phone2color (phoneId, colorId)
values (1009, 1000);
insert into phone2color (phoneId, colorId)
values (1009, 1001);
insert into phone2color (phoneId, colorId)
values (1010, 1000);
insert into phone2color (phoneId, colorId)
values (1010, 1001);
insert into phone2color (phoneId, colorId)
values (1011, 1000);
insert into phone2color (phoneId, colorId)
values (1012, 1001);
insert into phone2color (phoneId, colorId)
values (1013, 1000);
insert into phone2color (phoneId, colorId)
values (1014, 1001);
insert into phone2color (phoneId, colorId)
values (1015, 1000);
insert into phone2color (phoneId, colorId)
values (1015, 1001);
insert into phone2color (phoneId, colorId)
values (1016, 1000);
insert into phone2color (phoneId, colorId)
values (1017, 1001);
insert into phone2color (phoneId, colorId)
values (1018, 1000);
insert into phone2color (phoneId, colorId)
values (1019, 1001);


insert into employees(firstName, lastName, position, employeeType)
values ('Anton', 'Pushnir', 'CEO', 'MALE');
insert into employees(firstName, lastName, position, employeeType)
values ('Зина', 'Безевич', 'Директор по кадрам', 'FEMALE');
insert into employees(firstName, lastName, position, employeeType)
values ('Влад', 'Чиллкун', 'Тех. специалист', 'MALE');
insert into employees(firstName, lastName, position, employeeType)
values ('Артем', 'Славкун', 'Консультант', 'GEEK_MALE');

insert into users(userName, password, role, isAccountNonLocked)
values ('phoneshop_admin', 'pHoNeShOp@dMin', 'ROLE_ADMIN', true);