insert into colors (id, code)
values (1000, 'Black');
insert into colors (id, code)
values (1001, 'White');
insert into colors (id, code)
values (1002, 'Yellow');
insert into colors (id, code)
values (1003, 'Blue');
insert into colors (id, code)
values (1004, 'Red');
insert into colors (id, code)
values (1005, 'Purple');
insert into colors (id, code)
values (1006, 'Gray');
insert into colors (id, code)
values (1007, 'Green');
insert into colors (id, code)
values (1008, 'Pink');
insert into colors (id, code)
values (1009, 'Gold');
insert into colors (id, code)
values (1010, 'Silver');
insert into colors (id, code)
values (1011, 'Orange');
insert into colors (id, code)
values (1012, 'Brown');
insert into colors (id, code)
values (1013, '256');

insert into phones (id, brand, model, price, discountPercent, displaySizeInches, weightGr, lengthMm, widthMm, heightMm,
                    announced, deviceType, os, displayResolution, pixelDensity, displayTechnology, backCameraMegapixels,
                    frontCameraMegapixels, ramGb, internalStorageGb, batteryCapacityMah, talkTimeHours,
                    standByTimeHours, bluetooth, positioning, imageUrl, description)
values ('1000', 'ARCHOS', 'ARCHOS 101 G9', 150, 50, 10.1, 482, 276.0, 167.0, 12.6, null, 'Tablet', 'Android (4.0)',
        '1280 x  800', 149, null, null, 1.3, null, 8.0, null, null, null, '2.1, EDR', 'GPS',
        'manufacturer/ARCHOS/ARCHOS 101 G9.jpg',
        'The ARCHOS 101 G9 is a 10.1'''' tablet, equipped with Google''s open source OS. It offers a multi-core ARM CORTEX A9 processor at 1GHz, 8 or 16GB internal memory, microSD card slot, GPS, Wi-Fi, Bluetooth 2.1, and more.');
insert into phones (id, brand, model, price, displaySizeInches, weightGr, lengthMm, widthMm, heightMm, announced,
                    deviceType, os, displayResolution, pixelDensity, displayTechnology, backCameraMegapixels,
                    frontCameraMegapixels, ramGb, internalStorageGb, batteryCapacityMah, talkTimeHours,
                    standByTimeHours, bluetooth, positioning, imageUrl, description)
values ('1001', 'ARCHOS', 'ARCHOS 101 Helium 4G', 190, 10.1, 482, 250.0, 174.0, 10.0, null, 'Tablet', 'Android (4.4)',
        '1280 x  800', 149, 'IPS LCD', 5.0, 0.3, 1.0, 8.0, 6500, null, null, 'Yes', 'GPS, A-GPS',
        'manufacturer/ARCHOS/ARCHOS 101 Helium 4G.jpg',
        'The ARCHOS 101 Helium 4G is a 10.1" tablet, running Android 4.4. Its specs include 1.5 GHz quad core MediaTek processor, 1 GB RAM, 8 GB storage space, further expandable via microSD card slot, 4G LTE and 2 cameras - 5 MP on the back, and 0.3 MP on the front.');
insert into phones (id, brand, model, price, discountPercent, displaySizeInches, weightGr, lengthMm, widthMm, heightMm,
                    announced, deviceType, os, displayResolution, pixelDensity, displayTechnology, backCameraMegapixels,
                    frontCameraMegapixels, ramGb, internalStorageGb, batteryCapacityMah, talkTimeHours,
                    standByTimeHours, bluetooth, positioning, imageUrl, description)
values ('1002', 'ARCHOS', 'ARCHOS 101 Internet Tablet', 200, 10, 10.1, 482, null, null, null, null, 'Tablet',
        'Android (2.2)', '1024 x  600', 118, 'TFT', null, 0.3, null, 8.0, null, null, null, '2.1, EDR', null,
        'manufacturer/ARCHOS/ARCHOS 101 Internet Tablet.jpg',
        'Archos 101 Internet Tablet is 10.1" Android running slate with Wi-Fi connectivity. It has 1GHz processor, 0.3MP front camera, HDMI port, 8GB internal memory and supports up to 32GB microSD memory cards.');
insert into phones (id, brand, model, price, displaySizeInches, weightGr, lengthMm, widthMm, heightMm, announced,
                    deviceType, os, displayResolution, pixelDensity, displayTechnology, backCameraMegapixels,
                    frontCameraMegapixels, ramGb, internalStorageGb, batteryCapacityMah, talkTimeHours,
                    standByTimeHours, bluetooth, positioning, imageUrl, description)
values ('1003', 'ARCHOS', 'ARCHOS 101 Oxygen', 249, 10.1, 482, 240.0, 172.0, 10.0, null, 'Tablet', 'Android (4.4.4)',
        '1200 x  1920', 224, 'IPS LCD', 5.0, 2.0, 2.0, 16.0, 7000, null, null, 'Yes', 'GPS, A-GPS',
        'manufacturer/ARCHOS/ARCHOS 101 Oxygen.jpg',
        'The Archos 101 Oxygen is a tablet that offers a 10.1-inch 1080p display, 1.5 GB of RAM, 16 GB of internal memory, and a quad-core processor.');
insert into phones (id, brand, model, price, discountPercent, displaySizeInches, weightGr, lengthMm, widthMm, heightMm,
                    announced, deviceType, os, displayResolution, pixelDensity, displayTechnology, backCameraMegapixels,
                    frontCameraMegapixels, ramGb, internalStorageGb, batteryCapacityMah, talkTimeHours,
                    standByTimeHours, bluetooth, positioning, imageUrl, description)
values ('1005', 'ARCHOS', 'ARCHOS 101 Titanium', 290, 5, 10.1, 482, 263.0, 174.0, 10.5, '2013-01-10 00:00:00', 'Tablet',
        'Android (4.1)', '1280 x  800', 149, 'IPS LCD', 2.0, null, 1.0, 8.0, null, null, null, 'Yes', null,
        'manufacturer/ARCHOS/ARCHOS 101 Titanium.jpg',
        'The ARCHOS 101 Titanium offers a 10.1'''' High Definition IPS display, Dual core CPU at 1.6 GHz with Quad core GPU, with 1080p video decoding, Sleek aluminum design and Android 4.1 Jelly Bean with the 700,000 applications on Google Play and the Archos Media Center applications.');
insert into phones (id, brand, model, price, discountPercent, displaySizeInches, weightGr, lengthMm, widthMm, heightMm,
                    announced, deviceType, os, displayResolution, pixelDensity, displayTechnology, backCameraMegapixels,
                    frontCameraMegapixels, ramGb, internalStorageGb, batteryCapacityMah, talkTimeHours,
                    standByTimeHours, bluetooth, positioning, imageUrl, description)
values ('1006', 'ARCHOS', 'ARCHOS 101 XS 2', 270, 23, 10.1, 482, 273.0, 169.0, 10.1, '2013-11-06 00:00:00', 'Tablet',
        'Android (4.2)', '1280 x  800', 149, 'IPS LCD', 2.0, 2.0, 2.0, 16.0, null, null, null, 'Yes', 'GPS, A-GPS',
        'manufacturer/ARCHOS/ARCHOS 101 XS 2.jpg',
        'The Archos 101 XS 2 can be used as a stand-alone tablet, but it comes bundled with a hardware keyboard, in which it can be docked. The tablet comes with a quad-core 1.6GHz processor and 2GB of RAM, 16 gigs of storage, 10.1'''' display with 1280 x 800 px resolution, and Android 4.2 out of the box.');
######
insert into phones (brand, model, price, discountPercent, displaySizeInches, weightGr, lengthMm, widthMm, heightMm,
                    announced, deviceType, os, displayResolution, pixelDensity, displayTechnology, backCameraMegapixels,
                    frontCameraMegapixels, ramGb, internalStorageGb, batteryCapacityMah, talkTimeHours,
                    standByTimeHours, bluetooth, positioning, imageUrl, description)
values ( 'ARCHOS', 'ARCHOS 101 Internet LOL', 200, 10, 10.1, 482, null, null, null, null, 'Tablet',
        'Android (2.2)', '1024 x  600', 118, 'TFT', null, 0.3, null, 8.0, null, null, null, '2.1, EDR', null,
        'manufacturer/ARCHOS/ARCHOS 101 Internet Tablet.jpg',
        'Archos 101 Internet Tablet is 10.1" Android running slate with Wi-Fi connectivity. It has 1GHz processor, 0.3MP front camera, HDMI port, 8GB internal memory and supports up to 32GB microSD memory cards.');

insert into phones (brand, model, price, discountPercent, displaySizeInches, weightGr, lengthMm, widthMm, heightMm,
                    announced, deviceType, os, displayResolution, pixelDensity, displayTechnology, backCameraMegapixels,
                    frontCameraMegapixels, ramGb, internalStorageGb, batteryCapacityMah, talkTimeHours,
                    standByTimeHours, bluetooth, positioning, imageUrl, description)
values ( 'ARCHOS', 'ARCHOS 101 Internet 55L', 200, 10, 10.1, 482, null, null, null, null, 'Tablet',
         'Android (2.2)', '1024 x  600', 118, 'TFT', null, 0.3, null, 8.0, null, null, null, '2.1, EDR', null,
         'manufacturer/ARCHOS/ARCHOS 101 Internet Tablet.jpg',
         'Archos 101 Internet Tablet is 10.1" Android running slate with Wi-Fi connectivity. It has 1GHz processor, 0.3MP front camera, HDMI port, 8GB internal memory and supports up to 32GB microSD memory cards.');

insert into phones (brand, model, price, discountPercent, displaySizeInches, weightGr, lengthMm, widthMm, heightMm,
                    announced, deviceType, os, displayResolution, pixelDensity, displayTechnology, backCameraMegapixels,
                    frontCameraMegapixels, ramGb, internalStorageGb, batteryCapacityMah, talkTimeHours,
                    standByTimeHours, bluetooth, positioning, imageUrl, description)
values ( 'ARCHOS', 'ARCHOS 101 A1 LOL', 200, 10, 10.1, 482, null, null, null, null, 'Tablet',
         'Android (2.2)', '1024 x  600', 118, 'TFT', null, 0.3, null, 8.0, null, null, null, '2.1, EDR', null,
         'manufacturer/ARCHOS/ARCHOS 101 Internet Tablet.jpg',
         'Archos 101 Internet Tablet is 10.1" Android running slate with Wi-Fi connectivity. It has 1GHz processor, 0.3MP front camera, HDMI port, 8GB internal memory and supports up to 32GB microSD memory cards.');

insert into phones (brand, model, price, discountPercent, displaySizeInches, weightGr, lengthMm, widthMm, heightMm,
                    announced, deviceType, os, displayResolution, pixelDensity, displayTechnology, backCameraMegapixels,
                    frontCameraMegapixels, ramGb, internalStorageGb, batteryCapacityMah, talkTimeHours,
                    standByTimeHours, bluetooth, positioning, imageUrl, description)
values ( 'ARCHOS', 'ARCHOS 101 A2 LOL', 200, 10, 10.1, 482, null, null, null, null, 'Tablet',
         'Android (2.2)', '1024 x  600', 118, 'TFT', null, 0.3, null, 8.0, null, null, null, '2.1, EDR', null,
         'manufacturer/ARCHOS/ARCHOS 101 Internet Tablet.jpg',
         'Archos 101 Internet Tablet is 10.1" Android running slate with Wi-Fi connectivity. It has 1GHz processor, 0.3MP front camera, HDMI port, 8GB internal memory and supports up to 32GB microSD memory cards.');

insert into phones (brand, model, price, discountPercent, displaySizeInches, weightGr, lengthMm, widthMm, heightMm,
                    announced, deviceType, os, displayResolution, pixelDensity, displayTechnology, backCameraMegapixels,
                    frontCameraMegapixels, ramGb, internalStorageGb, batteryCapacityMah, talkTimeHours,
                    standByTimeHours, bluetooth, positioning, imageUrl, description)
values ( 'ARCHOS', 'ARCHOS 101 A3 LOL', 200, 10, 10.1, 482, null, null, null, null, 'Tablet',
         'Android (2.2)', '1024 x  600', 118, 'TFT', null, 0.3, null, 8.0, null, null, null, '2.1, EDR', null,
         'manufacturer/ARCHOS/ARCHOS 101 Internet Tablet.jpg',
         'Archos 101 Internet Tablet is 10.1" Android running slate with Wi-Fi connectivity. It has 1GHz processor, 0.3MP front camera, HDMI port, 8GB internal memory and supports up to 32GB microSD memory cards.');

insert into phones (brand, model, price, discountPercent, displaySizeInches, weightGr, lengthMm, widthMm, heightMm,
                    announced, deviceType, os, displayResolution, pixelDensity, displayTechnology, backCameraMegapixels,
                    frontCameraMegapixels, ramGb, internalStorageGb, batteryCapacityMah, talkTimeHours,
                    standByTimeHours, bluetooth, positioning, imageUrl, description)
values ( 'ARCHOS', 'ARCHOS 101 A4 LOL', 200, 10, 10.1, 482, null, null, null, null, 'Tablet',
         'Android (2.2)', '1024 x  600', 118, 'TFT', null, 0.3, null, 8.0, null, null, null, '2.1, EDR', null,
         'manufacturer/ARCHOS/ARCHOS 101 Internet Tablet.jpg',
         'Archos 101 Internet Tablet is 10.1" Android running slate with Wi-Fi connectivity. It has 1GHz processor, 0.3MP front camera, HDMI port, 8GB internal memory and supports up to 32GB microSD memory cards.');

insert into phones (brand, model, price, discountPercent, displaySizeInches, weightGr, lengthMm, widthMm, heightMm,
                    announced, deviceType, os, displayResolution, pixelDensity, displayTechnology, backCameraMegapixels,
                    frontCameraMegapixels, ramGb, internalStorageGb, batteryCapacityMah, talkTimeHours,
                    standByTimeHours, bluetooth, positioning, imageUrl, description)
values ( 'ARCHOS', 'ARCHOS 101 A5 LOL', 200, 10, 10.1, 482, null, null, null, null, 'Tablet',
         'Android (2.2)', '1024 x  600', 118, 'TFT', null, 0.3, null, 8.0, null, null, null, '2.1, EDR', null,
         'manufacturer/ARCHOS/ARCHOS 101 Internet Tablet.jpg',
         'Archos 101 Internet Tablet is 10.1" Android running slate with Wi-Fi connectivity. It has 1GHz processor, 0.3MP front camera, HDMI port, 8GB internal memory and supports up to 32GB microSD memory cards.');

insert into phones (brand, model, price, discountPercent, displaySizeInches, weightGr, lengthMm, widthMm, heightMm,
                         announced, deviceType, os, displayResolution, pixelDensity, displayTechnology, backCameraMegapixels,
                         frontCameraMegapixels, ramGb, internalStorageGb, batteryCapacityMah, talkTimeHours,
                         standByTimeHours, bluetooth, positioning, imageUrl, description)
     values ( 'ARCHOS', 'ARCHOS 101 A6 LOL', 200, 10, 10.1, 482, null, null, null, null, 'Tablet',
              'Android (2.2)', '1024 x  600', 118, 'TFT', null, 0.3, null, 8.0, null, null, null, '2.1, EDR', null,
              'manufacturer/ARCHOS/ARCHOS 101 Internet Tablet.jpg',
              'Archos 101 Internet Tablet is 10.1" Android running slate with Wi-Fi connectivity. It has 1GHz processor, 0.3MP front camera, HDMI port, 8GB internal memory and supports up to 32GB microSD memory cards.');

insert into phones (brand, model, price, discountPercent, displaySizeInches, weightGr, lengthMm, widthMm, heightMm,
                    announced, deviceType, os, displayResolution, pixelDensity, displayTechnology, backCameraMegapixels,
                    frontCameraMegapixels, ramGb, internalStorageGb, batteryCapacityMah, talkTimeHours,
                    standByTimeHours, bluetooth, positioning, imageUrl, description)
values ( 'ARCHOS', 'ARCHOS 101 A7 LOL', 200, 10, 10.1, 482, null, null, null, null, 'Tablet',
         'Android (2.2)', '1024 x  600', 118, 'TFT', null, 0.3, null, 8.0, null, null, null, '2.1, EDR', null,
         'manufacturer/ARCHOS/ARCHOS 101 Internet Tablet.jpg',
         'Archos 101 Internet Tablet is 10.1" Android running slate with Wi-Fi connectivity. It has 1GHz processor, 0.3MP front camera, HDMI port, 8GB internal memory and supports up to 32GB microSD memory cards.');

insert into phones (brand, model, price, discountPercent, displaySizeInches, weightGr, lengthMm, widthMm, heightMm,
                    announced, deviceType, os, displayResolution, pixelDensity, displayTechnology, backCameraMegapixels,
                    frontCameraMegapixels, ramGb, internalStorageGb, batteryCapacityMah, talkTimeHours,
                    standByTimeHours, bluetooth, positioning, imageUrl, description)
values ( 'ARCHOS', 'ARCHOS 101 A8 LOL', 200, 10, 10.1, 482, null, null, null, null, 'Tablet',
         'Android (2.2)', '1024 x  600', 118, 'TFT', null, 0.3, null, 8.0, null, null, null, '2.1, EDR', null,
         'manufacturer/ARCHOS/ARCHOS 101 Internet Tablet.jpg',
         'Archos 101 Internet Tablet is 10.1" Android running slate with Wi-Fi connectivity. It has 1GHz processor, 0.3MP front camera, HDMI port, 8GB internal memory and supports up to 32GB microSD memory cards.');

insert into phones (brand, model, price, discountPercent, displaySizeInches, weightGr, lengthMm, widthMm, heightMm,
                    announced, deviceType, os, displayResolution, pixelDensity, displayTechnology, backCameraMegapixels,
                    frontCameraMegapixels, ramGb, internalStorageGb, batteryCapacityMah, talkTimeHours,
                    standByTimeHours, bluetooth, positioning, imageUrl, description)
values ( 'ARCHOS', 'ARCHOS 101 A9 LOL', 200, 10, 10.1, 482, null, null, null, null, 'Tablet',
         'Android (2.2)', '1024 x  600', 118, 'TFT', null, 0.3, null, 8.0, null, null, null, '2.1, EDR', null,
         'manufacturer/ARCHOS/ARCHOS 101 Internet Tablet.jpg',
         'Archos 101 Internet Tablet is 10.1" Android running slate with Wi-Fi connectivity. It has 1GHz processor, 0.3MP front camera, HDMI port, 8GB internal memory and supports up to 32GB microSD memory cards.');

insert into phones (brand, model, price, discountPercent, displaySizeInches, weightGr, lengthMm, widthMm, heightMm,
                    announced, deviceType, os, displayResolution, pixelDensity, displayTechnology, backCameraMegapixels,
                    frontCameraMegapixels, ramGb, internalStorageGb, batteryCapacityMah, talkTimeHours,
                    standByTimeHours, bluetooth, positioning, imageUrl, description)
values ( 'ARCHOS', 'ARCHOS 101 A10 LOL', 200, 10, 10.1, 482, null, null, null, null, 'Tablet',
         'Android (2.2)', '1024 x  600', 118, 'TFT', null, 0.3, null, 8.0, null, null, null, '2.1, EDR', null,
         'manufacturer/ARCHOS/ARCHOS 101 Internet Tablet.jpg',
         'Archos 101 Internet Tablet is 10.1" Android running slate with Wi-Fi connectivity. It has 1GHz processor, 0.3MP front camera, HDMI port, 8GB internal memory and supports up to 32GB microSD memory cards.');

insert into phones (brand, model, price, discountPercent, displaySizeInches, weightGr, lengthMm, widthMm, heightMm,
                    announced, deviceType, os, displayResolution, pixelDensity, displayTechnology, backCameraMegapixels,
                    frontCameraMegapixels, ramGb, internalStorageGb, batteryCapacityMah, talkTimeHours,
                    standByTimeHours, bluetooth, positioning, imageUrl, description)
values ( 'ARCHOS', 'ARCHOS 101 A11 LOL', 200, 10, 10.1, 482, null, null, null, null, 'Tablet',
         'Android (2.2)', '1024 x  600', 118, 'TFT', null, 0.3, null, 8.0, null, null, null, '2.1, EDR', null,
         'manufacturer/ARCHOS/ARCHOS 101 Internet Tablet.jpg',
         'Archos 101 Internet Tablet is 10.1" Android running slate with Wi-Fi connectivity. It has 1GHz processor, 0.3MP front camera, HDMI port, 8GB internal memory and supports up to 32GB microSD memory cards.');

insert into phones (brand, model, price, discountPercent, displaySizeInches, weightGr, lengthMm, widthMm, heightMm,
                    announced, deviceType, os, displayResolution, pixelDensity, displayTechnology, backCameraMegapixels,
                    frontCameraMegapixels, ramGb, internalStorageGb, batteryCapacityMah, talkTimeHours,
                    standByTimeHours, bluetooth, positioning, imageUrl, description)
values ( 'ARCHOS', 'ARCHOS 101 A12 LOL', 200, 10, 10.1, 482, null, null, null, null, 'Tablet',
         'Android (2.2)', '1024 x  600', 118, 'TFT', null, 0.3, null, 8.0, null, null, null, '2.1, EDR', null,
         'manufacturer/ARCHOS/ARCHOS 101 Internet Tablet.jpg',
         'Archos 101 Internet Tablet is 10.1" Android running slate with Wi-Fi connectivity. It has 1GHz processor, 0.3MP front camera, HDMI port, 8GB internal memory and supports up to 32GB microSD memory cards.');
insert into phones (brand, model, price, discountPercent, displaySizeInches, weightGr, lengthMm, widthMm, heightMm,
                    announced, deviceType, os, displayResolution, pixelDensity, displayTechnology, backCameraMegapixels,
                    frontCameraMegapixels, ramGb, internalStorageGb, batteryCapacityMah, talkTimeHours,
                    standByTimeHours, bluetooth, positioning, imageUrl, description)
values ( 'ARCHOS', 'ARCHOS 101 A13 LOL', 200, 10, 10.1, 482, null, null, null, null, 'Tablet',
         'Android (2.2)', '1024 x  600', 118, 'TFT', null, 0.3, null, 8.0, null, null, null, '2.1, EDR', null,
         'manufacturer/ARCHOS/ARCHOS 101 Internet Tablet.jpg',
         'Archos 101 Internet Tablet is 10.1" Android running slate with Wi-Fi connectivity. It has 1GHz processor, 0.3MP front camera, HDMI port, 8GB internal memory and supports up to 32GB microSD memory cards.');
insert into phones (brand, model, price, discountPercent, displaySizeInches, weightGr, lengthMm, widthMm, heightMm,
                    announced, deviceType, os, displayResolution, pixelDensity, displayTechnology, backCameraMegapixels,
                    frontCameraMegapixels, ramGb, internalStorageGb, batteryCapacityMah, talkTimeHours,
                    standByTimeHours, bluetooth, positioning, imageUrl, description)
values ( 'ARCHOS', 'ARCHOS 101 A14 LOL', 200, 10, 10.1, 482, null, null, null, null, 'Tablet',
         'Android (2.2)', '1024 x  600', 118, 'TFT', null, 0.3, null, 8.0, null, null, null, '2.1, EDR', null,
         'manufacturer/ARCHOS/ARCHOS 101 Internet Tablet.jpg',
         'Archos 101 Internet Tablet is 10.1" Android running slate with Wi-Fi connectivity. It has 1GHz processor, 0.3MP front camera, HDMI port, 8GB internal memory and supports up to 32GB microSD memory cards.');
insert into phones (brand, model, price, discountPercent, displaySizeInches, weightGr, lengthMm, widthMm, heightMm,
                    announced, deviceType, os, displayResolution, pixelDensity, displayTechnology, backCameraMegapixels,
                    frontCameraMegapixels, ramGb, internalStorageGb, batteryCapacityMah, talkTimeHours,
                    standByTimeHours, bluetooth, positioning, imageUrl, description)
values ( 'ARCHOS', 'ARCHOS 101 A15 LOL', 200, 10, 10.1, 482, null, null, null, null, 'Tablet',
         'Android (2.2)', '1024 x  600', 118, 'TFT', null, 0.3, null, 8.0, null, null, null, '2.1, EDR', null,
         'manufacturer/ARCHOS/ARCHOS 101 Internet Tablet.jpg',
         'Archos 101 Internet Tablet is 10.1" Android running slate with Wi-Fi connectivity. It has 1GHz processor, 0.3MP front camera, HDMI port, 8GB internal memory and supports up to 32GB microSD memory cards.');


insert into stocks (phoneId, stock, reserved)
values (1031, 11, 0);
insert into stocks (phoneId, stock, reserved)
values (1032, 12, 1);
insert into stocks (phoneId, stock, reserved)
values (1033, 13, 2);
insert into stocks (phoneId, stock, reserved)
values (1034, 14, 3);
insert into stocks (phoneId, stock, reserved)
values (1035, 15, 4);
insert into stocks (phoneId, stock, reserved)
values (1036, 17, 6);
insert into stocks (phoneId, stock, reserved)
values (1037, 11, 0);
insert into stocks (phoneId, stock, reserved)
values (1038, 12, 1);
insert into stocks (phoneId, stock, reserved)
values (1039, 13, 2);

insert into phone2color (phoneId, colorId)
values (1031, 1000);
insert into phone2color (phoneId, colorId)
values (1032, 1001);
insert into phone2color (phoneId, colorId)
values (1033, 1000);
insert into phone2color (phoneId, colorId)
values (1034, 1001);
insert into phone2color (phoneId, colorId)
values (1035, 1000);
insert into phone2color (phoneId, colorId)
values (1036, 1000);
insert into phone2color (phoneId, colorId)
values (1037, 1000);
insert into phone2color (phoneId, colorId)
values (1038, 1002);
insert into phone2color (phoneId, colorId)
values (1039, 1003);

###################
insert into phone2color (phoneId, colorId)
values (1000, 1000);
insert into phone2color (phoneId, colorId)
values (1001, 1001);
insert into phone2color (phoneId, colorId)
values (1002, 1000);
insert into phone2color (phoneId, colorId)
values (1006, 1001);
insert into phone2color (phoneId, colorId)
values (1006, 1000);
insert into phone2color (phoneId, colorId)
values (1005, 1000);
insert into phone2color (phoneId, colorId)
values (1005, 1000);
insert into phone2color (phoneId, colorId)
values (1003, 1002);
insert into phone2color (phoneId, colorId)
values (1000, 1003);

insert into stocks (phoneId, stock, reserved)
values (1000, 11, 0);
insert into stocks (phoneId, stock, reserved)
values (1001, 12, 1);
insert into stocks (phoneId, stock, reserved)
values (1002, 13, 2);
insert into stocks (phoneId, stock, reserved)
values (1003, 14, 3);
insert into stocks (phoneId, stock, reserved)
values (1005, 15, 4);
insert into stocks (phoneId, stock, reserved)
values (1006, 17, 6);

insert into employees(firstName, lastName, position, employeeType)
values ('Anton', 'Pushnir', 'CEO', 'MALE');
insert into employees(firstName, lastName, position, employeeType)
values ('Зина', 'Безевич', 'Директор по кадрам', 'FEMALE');
insert into employees(firstName, lastName, position, employeeType)
values ('Влад', 'Чиллкун', 'Тех. специалист', 'MALE');
insert into employees(firstName, lastName, position, employeeType)
values ('Артем', 'Славкун', 'Консультант', 'GEEK');